{"Trainer/where": 0.09995883079456566, "Trainer/epoch": 0, "Trainer/steps_train": 2429}
{"Trainer/where": 0.19995883079456567, "Trainer/epoch": 1, "Trainer/steps_train": 4858}
{"Trainer/where": 0.29995883079456565, "Trainer/epoch": 2, "Trainer/steps_train": 7287}
{"Trainer/where": 0.3999588307945657, "Trainer/epoch": 3, "Trainer/steps_train": 9716}
{"Trainer/where": 0.49995883079456566, "Trainer/epoch": 4, "Trainer/steps_train": 12145}
{"Trainer/where": 0.5999588307945657, "Trainer/epoch": 5, "Trainer/steps_train": 14574}
{"Trainer/where": 0.6999588307945657, "Trainer/epoch": 6, "Trainer/steps_train": 17003}
{"Trainer/where": 0.7999588307945656, "Trainer/epoch": 7, "Trainer/steps_train": 19432}
{"Trainer/where": 0.8999588307945657, "Trainer/epoch": 8, "Trainer/steps_train": 21861}
{"Trainer/where": 0.9999588307945657, "Trainer/epoch": 9, "Trainer/steps_train": 24290}
