{"Losses/train_all_loss": 0.7645364678742808, "Losses/train_all_loss_mask": 0.011399005871228168, "Losses/train_all_loss_dice": 0.3427348006693067, "Losses/train_all_loss_iou": 0.1938214887304714, "Losses/train_all_loss_class": 6.5121336915974e-08, "Losses/train_all_core_loss": 0.7645364678742808, "Trainer/where": 0.09995883079456566, "Trainer/epoch": 0, "Trainer/steps_train": 2429}
{"Losses/train_all_loss": 0.5581719844938307, "Losses/train_all_loss_mask": 0.007881218013475381, "Losses/train_all_loss_dice": 0.25243805679686276, "Losses/train_all_loss_iou": 0.14810954292560555, "Losses/train_all_loss_class": 2.7212823614421137e-08, "Losses/train_all_core_loss": 0.5581719844938307, "Trainer/where": 0.19995883079456567, "Trainer/epoch": 1, "Trainer/steps_train": 4858}
{"Losses/train_all_loss": 0.5335420743213755, "Losses/train_all_loss_mask": 0.007669532808810496, "Losses/train_all_loss_dice": 0.2386868315092842, "Losses/train_all_loss_iou": 0.14146457433055654, "Losses/train_all_loss_class": 1.4973313720196055e-08, "Losses/train_all_core_loss": 0.5335420743213755, "Trainer/where": 0.29995883079456565, "Trainer/epoch": 2, "Trainer/steps_train": 7287}
{"Losses/train_all_loss": 0.499184446721447, "Losses/train_all_loss_mask": 0.0069258848714963146, "Losses/train_all_loss_dice": 0.22806417108342794, "Losses/train_all_loss_iou": 0.13260256732898748, "Losses/train_all_loss_class": 1.2542352523723862e-08, "Losses/train_all_core_loss": 0.499184446721447, "Trainer/where": 0.3999588307945657, "Trainer/epoch": 3, "Trainer/steps_train": 9716}
{"Losses/train_all_loss": 0.4724164712743143, "Losses/train_all_loss_mask": 0.0064318190219646455, "Losses/train_all_loss_dice": 0.21765327971687823, "Losses/train_all_loss_iou": 0.12612680450638547, "Losses/train_all_loss_class": 9.332556482423114e-09, "Losses/train_all_core_loss": 0.4724164712743143, "Trainer/where": 0.49995883079456566, "Trainer/epoch": 4, "Trainer/steps_train": 12145}
{"Losses/train_all_loss": 0.4586570591881669, "Losses/train_all_loss_mask": 0.006207687634202706, "Losses/train_all_loss_dice": 0.21309509025729453, "Losses/train_all_loss_iou": 0.12140821002307971, "Losses/train_all_loss_class": 8.71625609105397e-09, "Losses/train_all_core_loss": 0.4586570591881669, "Trainer/where": 0.5999588307945657, "Trainer/epoch": 5, "Trainer/steps_train": 14574}
{"Losses/train_all_loss": 0.45530935167689635, "Losses/train_all_loss_mask": 0.006229022249719185, "Losses/train_all_loss_dice": 0.2121562721562783, "Losses/train_all_loss_iou": 0.1185726248584427, "Losses/train_all_loss_class": 1.0477112915295367e-08, "Losses/train_all_core_loss": 0.45530935167689635, "Trainer/where": 0.6999588307945657, "Trainer/epoch": 6, "Trainer/steps_train": 17003}
{"Losses/train_all_loss": 0.4410374290311764, "Losses/train_all_loss_mask": 0.006075672542883567, "Losses/train_all_loss_dice": 0.2055681118148867, "Losses/train_all_loss_iou": 0.11395586148566175, "Losses/train_all_loss_class": 7.003787409959314e-09, "Losses/train_all_core_loss": 0.4410374290311764, "Trainer/where": 0.7999588307945656, "Trainer/epoch": 7, "Trainer/steps_train": 19432}
{"Losses/train_all_loss": 0.4409529332143625, "Losses/train_all_loss_mask": 0.006052128209873571, "Losses/train_all_loss_dice": 0.20535367658877873, "Losses/train_all_loss_iou": 0.11455668599512343, "Losses/train_all_loss_class": 7.329507499440815e-09, "Losses/train_all_core_loss": 0.4409529332143625, "Trainer/where": 0.8999588307945657, "Trainer/epoch": 8, "Trainer/steps_train": 21861}
{"Losses/train_all_loss": 0.44163602549305125, "Losses/train_all_loss_mask": 0.00599092383388857, "Losses/train_all_loss_dice": 0.20528717577831643, "Losses/train_all_loss_iou": 0.11653036882367772, "Losses/train_all_loss_class": 6.261279273615701e-09, "Losses/train_all_core_loss": 0.44163602549305125, "Trainer/where": 0.9999588307945657, "Trainer/epoch": 9, "Trainer/steps_train": 24290}
