{"Trainer/where": 0.09996457669146298, "Trainer/epoch": 0, "Trainer/steps_train": 2823}
{"Trainer/where": 0.19996457669146298, "Trainer/epoch": 1, "Trainer/steps_train": 5646}
{"Trainer/where": 0.299964576691463, "Trainer/epoch": 2, "Trainer/steps_train": 8469}
{"Trainer/where": 0.39996457669146296, "Trainer/epoch": 3, "Trainer/steps_train": 11292}
{"Trainer/where": 0.499964576691463, "Trainer/epoch": 4, "Trainer/steps_train": 14115}
{"Trainer/where": 0.599964576691463, "Trainer/epoch": 5, "Trainer/steps_train": 16938}
{"Trainer/where": 0.699964576691463, "Trainer/epoch": 6, "Trainer/steps_train": 19761}
{"Trainer/where": 0.7999645766914629, "Trainer/epoch": 7, "Trainer/steps_train": 22584}
{"Trainer/where": 0.899964576691463, "Trainer/epoch": 8, "Trainer/steps_train": 25407}
{"Trainer/where": 0.9999645766914631, "Trainer/epoch": 9, "Trainer/steps_train": 28230}
