{"Losses/train_all_loss": 0.7357004154928812, "Losses/train_all_loss_mask": 0.011227694714925702, "Losses/train_all_loss_dice": 0.32544784641650143, "Losses/train_all_loss_iou": 0.18569860796949203, "Losses/train_all_loss_class": 7.071769370688181e-08, "Losses/train_all_core_loss": 0.7357004154928812, "Trainer/where": 0.09996457669146298, "Trainer/epoch": 0, "Trainer/steps_train": 2823}
{"Losses/train_all_loss": 0.5555231563622884, "Losses/train_all_loss_mask": 0.007851932660769407, "Losses/train_all_loss_dice": 0.25021366529586336, "Losses/train_all_loss_iou": 0.14827081115238086, "Losses/train_all_loss_class": 2.925441590662448e-08, "Losses/train_all_core_loss": 0.5555231563622884, "Trainer/where": 0.19996457669146298, "Trainer/epoch": 1, "Trainer/steps_train": 5646}
{"Losses/train_all_loss": 0.5070307239180143, "Losses/train_all_loss_mask": 0.00693503368689289, "Losses/train_all_loss_dice": 0.23184736736918485, "Losses/train_all_loss_iou": 0.13648267447558507, "Losses/train_all_loss_class": 1.1197170939331653e-08, "Losses/train_all_core_loss": 0.5070307239180143, "Trainer/where": 0.299964576691463, "Trainer/epoch": 2, "Trainer/steps_train": 8469}
{"Losses/train_all_loss": 0.47661318131427244, "Losses/train_all_loss_mask": 0.0066486706144953025, "Losses/train_all_loss_dice": 0.2158761406439418, "Losses/train_all_loss_iou": 0.12776361781578568, "Losses/train_all_loss_class": 1.3056981025420957e-08, "Losses/train_all_core_loss": 0.47661318131427244, "Trainer/where": 0.39996457669146296, "Trainer/epoch": 3, "Trainer/steps_train": 11292}
{"Losses/train_all_loss": 0.4778824360197291, "Losses/train_all_loss_mask": 0.00673917007011177, "Losses/train_all_loss_dice": 0.21726736740555233, "Losses/train_all_loss_iou": 0.12583166053581335, "Losses/train_all_loss_class": 9.346257147255036e-09, "Losses/train_all_core_loss": 0.4778824360197291, "Trainer/where": 0.499964576691463, "Trainer/epoch": 4, "Trainer/steps_train": 14115}
{"Losses/train_all_loss": 0.4382475463688648, "Losses/train_all_loss_mask": 0.006044573407994057, "Losses/train_all_loss_dice": 0.20261289774210284, "Losses/train_all_loss_iou": 0.11474317619563854, "Losses/train_all_loss_class": 6.521483618074694e-09, "Losses/train_all_core_loss": 0.4382475463688648, "Trainer/where": 0.599964576691463, "Trainer/epoch": 5, "Trainer/steps_train": 16938}
{"Losses/train_all_loss": 0.4332844024504958, "Losses/train_all_loss_mask": 0.0059992362412066855, "Losses/train_all_loss_dice": 0.19958269689001176, "Losses/train_all_loss_iou": 0.11371697820498722, "Losses/train_all_loss_class": 5.223912954419545e-09, "Losses/train_all_core_loss": 0.4332844024504958, "Trainer/where": 0.699964576691463, "Trainer/epoch": 6, "Trainer/steps_train": 19761}
{"Losses/train_all_loss": 0.42062944754710063, "Losses/train_all_loss_mask": 0.005628966421633332, "Losses/train_all_loss_dice": 0.1979693101505903, "Losses/train_all_loss_iou": 0.11008080361203795, "Losses/train_all_loss_class": 6.881011682684962e-09, "Losses/train_all_core_loss": 0.42062944754710063, "Trainer/where": 0.7999645766914629, "Trainer/epoch": 7, "Trainer/steps_train": 22584}
{"Losses/train_all_loss": 0.43304204874418956, "Losses/train_all_loss_mask": 0.005720059617257651, "Losses/train_all_loss_dice": 0.20507352464587245, "Losses/train_all_loss_iou": 0.1135673254112714, "Losses/train_all_loss_class": 7.363113662911414e-09, "Losses/train_all_core_loss": 0.43304204874418956, "Trainer/where": 0.899964576691463, "Trainer/epoch": 8, "Trainer/steps_train": 25407}
{"Losses/train_all_loss": 0.43016760747878424, "Losses/train_all_loss_mask": 0.0058497982141509025, "Losses/train_all_loss_dice": 0.20127365588838333, "Losses/train_all_loss_iou": 0.11189798168241555, "Losses/train_all_loss_class": 8.318802653905918e-09, "Losses/train_all_core_loss": 0.43016760747878424, "Trainer/where": 0.9999645766914631, "Trainer/epoch": 9, "Trainer/steps_train": 28230}
